anonymized_user_id,session_date_utc,planned_duration_min,actual_duration_min,status,session_type
8d631eccd7975b6f,2026-07-25,,75,alive,individual
8d631eccd7975b6f,2026-07-26,,30,alive,individual
8d631eccd7975b6f,2026-07-30,,30,alive,individual
8d631eccd7975b6f,2026-07-30,,30,alive,individual
8d631eccd7975b6f,2026-07-30,,30,alive,individual
8d631eccd7975b6f,2026-07-30,,30,alive,individual
8d631eccd7975b6f,2026-07-31,,25,alive,individual
8d631eccd7975b6f,2026-07-31,,30,alive,individual
8d631eccd7975b6f,2026-08-01,,60,alive,individual
8d631eccd7975b6f,2026-08-01,,60,alive,individual
8d631eccd7975b6f,2026-08-01,,60,alive,individual
8d631eccd7975b6f,2026-08-01,,60,alive,individual
8d631eccd7975b6f,2026-08-01,,30,alive,individual
8d631eccd7975b6f,2026-08-01,,45,alive,individual
8d631eccd7975b6f,2026-08-01,,45,alive,individual
8d631eccd7975b6f,2026-08-02,,60,alive,individual
8d631eccd7975b6f,2026-08-02,,60,alive,individual
8d631eccd7975b6f,2026-08-04,,50,alive,individual
8d631eccd7975b6f,2026-08-04,,60,alive,individual
8d631eccd7975b6f,2026-08-05,,60,alive,individual
8d631eccd7975b6f,2026-08-05,,60,alive,individual
8d631eccd7975b6f,2026-08-05,,60,alive,individual
8d631eccd7975b6f,2026-08-05,,60,alive,individual
8d631eccd7975b6f,2026-08-05,,60,alive,individual
e9fb513667d525cf,2026-08-06,,45,alive,shared
8d631eccd7975b6f,2026-08-06,,60,alive,individual
8d631eccd7975b6f,2026-08-06,,60,alive,individual
8d631eccd7975b6f,2026-08-07,,60,alive,individual
8d631eccd7975b6f,2026-08-07,,60,alive,individual
8d631eccd7975b6f,2026-08-09,,90,alive,shared
8d631eccd7975b6f,2026-08-09,,90,alive,shared
8d631eccd7975b6f,2026-08-09,,90,alive,shared
8d631eccd7975b6f,2026-08-09,,15,alive,shared
8d631eccd7975b6f,2026-08-09,,15,alive,shared
8d631eccd7975b6f,2026-08-09,,15,alive,shared
8d631eccd7975b6f,2026-08-09,,15,alive,shared
8d631eccd7975b6f,2026-08-09,,15,alive,shared
cc678f0374c5e946,2026-08-09,,9,dead,individual
8d631eccd7975b6f,2026-08-09,,90,alive,shared
8d631eccd7975b6f,2026-08-09,,90,alive,individual
e9fb513667d525cf,2026-08-10,,60,alive,shared
e9fb513667d525cf,2026-08-10,,60,alive,shared
e9fb513667d525cf,2026-08-10,,60,alive,shared
e9fb513667d525cf,2026-08-10,,60,alive,shared
e9fb513667d525cf,2026-08-10,,60,alive,shared
e9fb513667d525cf,2026-08-10,,60,alive,individual
e9fb513667d525cf,2026-08-10,,45,alive,shared
8d631eccd7975b6f,2026-08-10,,90,alive,individual
8d631eccd7975b6f,2026-08-10,,90,alive,individual
8d631eccd7975b6f,2026-08-10,,60,alive,shared
8d631eccd7975b6f,2026-08-10,,60,alive,shared
8d631eccd7975b6f,2026-08-11,,60,alive,individual
8d631eccd7975b6f,2026-08-11,,30,alive,individual
8d631eccd7975b6f,2026-08-11,,0,dead,shared
8d631eccd7975b6f,2026-08-11,,45,alive,shared
8d631eccd7975b6f,2026-08-11,,45,dead,individual
8d631eccd7975b6f,2026-08-12,,60,alive,individual
8d631eccd7975b6f,2026-08-12,,60,alive,individual
8d631eccd7975b6f,2026-08-12,,90,alive,individual
8d631eccd7975b6f,2026-08-12,,60,dead,individual
8d631eccd7975b6f,2026-08-13,,90,alive,shared
8d631eccd7975b6f,2026-08-13,,90,alive,shared
8d631eccd7975b6f,2026-08-13,,90,alive,shared
8d631eccd7975b6f,2026-08-14,,90,alive,shared
8d631eccd7975b6f,2026-08-14,,90,alive,shared
8d631eccd7975b6f,2026-08-14,,90,alive,shared
8d631eccd7975b6f,2026-08-14,,90,alive,individual
8d631eccd7975b6f,2026-08-14,,60,alive,shared
2b4f302ddb0e60a1,2026-08-14,,2,dead,individual
8d631eccd7975b6f,2026-08-14,,60,alive,shared
8d631eccd7975b6f,2026-08-14,,60,alive,shared
8d631eccd7975b6f,2026-08-14,,60,alive,shared
8d631eccd7975b6f,2026-08-15,,60,alive,shared
8d631eccd7975b6f,2026-08-15,,60,alive,shared
8d631eccd7975b6f,2026-08-15,,60,alive,shared
8d631eccd7975b6f,2026-08-15,,60,alive,individual
8d631eccd7975b6f,2026-08-15,,90,alive,shared
8d631eccd7975b6f,2026-08-15,,90,alive,shared
8d631eccd7975b6f,2026-08-15,,90,alive,shared
8d631eccd7975b6f,2026-08-15,,90,alive,shared
8d631eccd7975b6f,2026-08-15,,60,alive,individual
8d631eccd7975b6f,2026-08-15,,90,alive,shared
8d631eccd7975b6f,2026-08-15,,90,alive,individual
8d631eccd7975b6f,2026-08-15,,90,alive,shared
8d631eccd7975b6f,2026-08-15,,90,alive,shared
8d631eccd7975b6f,2026-08-15,,90,alive,shared
8d631eccd7975b6f,2026-08-15,,90,alive,shared
8d631eccd7975b6f,2026-08-15,,90,alive,shared
8d631eccd7975b6f,2026-08-16,,90,alive,shared
8d631eccd7975b6f,2026-08-16,,90,alive,individual
8d631eccd7975b6f,2026-08-16,,90,alive,shared
8d631eccd7975b6f,2026-08-16,,90,alive,individual
8d631eccd7975b6f,2026-08-16,,90,dead,individual
8d631eccd7975b6f,2026-08-17,,90,alive,shared
8d631eccd7975b6f,2026-08-17,,60,alive,shared
8d631eccd7975b6f,2026-08-17,,0,dead,shared
8d631eccd7975b6f,2026-08-17,,60,alive,shared
8d631eccd7975b6f,2026-08-17,,90,alive,shared
e9fb513667d525cf,2026-08-21,,45,alive,individual
8d631eccd7975b6f,2026-08-28,,90,alive,individual
8d631eccd7975b6f,2026-08-28,,90,alive,individual
8d631eccd7975b6f,2026-09-01,,90,alive,individual
8d631eccd7975b6f,2026-09-01,,90,alive,individual
8d631eccd7975b6f,2026-09-05,,90,alive,individual
8d631eccd7975b6f,2026-09-06,,60,alive,individual
8d631eccd7975b6f,2026-09-06,,60,alive,individual
7dd2989fdf0c576d,2026-09-11,,1,dead,individual
7dd2989fdf0c576d,2026-09-11,,25,alive,shared
0b72b6d510748c5a,2026-09-11,,25,alive,shared
7dd2989fdf0c576d,2026-09-11,,25,alive,individual
0b72b6d510748c5a,2026-09-11,,25,alive,individual
7dd2989fdf0c576d,2026-09-12,,30,alive,individual
7dd2989fdf0c576d,2026-09-12,,45,alive,individual
7dd2989fdf0c576d,2026-09-12,,15,alive,individual
7dd2989fdf0c576d,2026-09-12,,60,alive,individual
69803bb7b821ffbf,2026-09-13,,25,alive,individual
7dd2989fdf0c576d,2026-09-13,,30,alive,individual
7dd2989fdf0c576d,2026-09-13,,15,alive,individual
7dd2989fdf0c576d,2026-09-14,,50,alive,individual
7dd2989fdf0c576d,2026-09-16,,90,alive,individual
7dd2989fdf0c576d,2026-09-18,,25,alive,individual
7dd2989fdf0c576d,2026-09-20,,25,alive,individual
7dd2989fdf0c576d,2026-09-21,,90,alive,individual
